omega,jump_build_s,jump_solve_s,jump_iter,jump_status,exa_cpu_build_s,exa_cpu_solve_s,exa_cpu_iter,exa_cpu_status,exa_gpu_build_s,exa_gpu_solve_s,exa_gpu_iter,exa_gpu_status
1,0.014681843,0.047828345,18,LOCALLY_SOLVED,0.006394219,0.013296083,20,SOLVE_SUCCEEDED,0.018901709,0.435086192,16,SOLVE_SUCCEEDED
10,0.123966576,0.619476296,29,LOCALLY_SOLVED,0.005173341,0.123214438,26,SOLVE_SUCCEEDED,0.011393922,5.921041807,27,SOLVE_SUCCEEDED
100,1.811341682,4325.96659868,1000,ITERATION_LIMIT,0.945014157,3.873844634,44,SOLVE_SUCCEEDED,0.022377846,1.396206626,42,SOLVE_SUCCEEDED
1000,19.881855472,223.015620131,52,LOCALLY_SOLVED,0.080575999,294.37724958999996,232,SOLVE_SUCCEEDED,0.077883207,22.413724631999997,78,SOLVE_SUCCEEDED
5000,108.339026953,1304.072613932,80,LOCALLY_SOLVED,0.325276929,5306.414954504,556,SOLVE_SUCCEEDED,0.246468798,1569.145214612,3000,MAXIMUM_ITERATIONS_EXCEEDED
