omega,jump_build_s,jump_solve_s,jump_iter,jump_status,exa_cpu_build_s,exa_cpu_solve_s,exa_cpu_iter,exa_cpu_status,exa_gpu_build_s,exa_gpu_solve_s,exa_gpu_iter,exa_gpu_status
1,0.02853252599999978,0.113358912999999,18,LOCALLY_SOLVED,0.02082476200007477,0.05410782499998845,20,SOLVE_SUCCEEDED,1.9763622210000449,128.59771692500001,16,SOLVE_SUCCEEDED
10,0.144024843,0.696943058,29,LOCALLY_SOLVED,0.005799657,0.11738735,26,SOLVE_SUCCEEDED,0.009822524,5.403681605,27,SOLVE_SUCCEEDED
100,1.304865235,4913.709244399,1000,ITERATION_LIMIT,0.02370593,3.541787109,44,SOLVE_SUCCEEDED,0.039106709,5.362882637,45,SOLVE_SUCCEEDED
1000,21.217409114,167.145478044,52,LOCALLY_SOLVED,0.06790946,283.191078769,232,SOLVE_SUCCEEDED,0.074427568,21.839352950000002,78,SOLVE_SUCCEEDED
5000,103.621987416,1442.061229072,80,LOCALLY_SOLVED,0.324963067,4618.801810612,556,SOLVE_SUCCEEDED,0.232704227,113.992476349,253,SOLVE_SUCCEEDED
